{
  "model/models.js": 1599251974388,
  "Component.js": 1599251974388,
  "i18n/i18n.properties": 1599251974388,
  "controller/Suppliers.controller.js": 1599251974392,
  "manifest.json": 1599252404206,
  "manifest-bundle.zip": 1599252404044,
  "Component-preload.js": 1599252404187,
  "Component-dbg.js": 1599251974388,
  "controller/Suppliers-dbg.controller.js": 1599251974392,
  "model/models-dbg.js": 1599251974388,
  "resources.json": 1599252404208,
  "view/Suppliers.view.xml": 1599252297952,
  "css/style.css": 1599251974388,
  "index.html": 1599251974388
}